[
  {
    "id": "4f93ea47-2ab8-4268-b4eb-b0ec2deba89f",
    "data": [
      {
        "text": "aceito sim",
        "userDefined": false
      }
    ],
    "isTemplate": false,
    "count": 0,
    "lang": "pt-br",
    "updated": 0
  },
  {
    "id": "13dddbbf-57d5-4316-83ed-ee9ec8d71dda",
    "data": [
      {
        "text": "aceito",
        "userDefined": false
      }
    ],
    "isTemplate": false,
    "count": 0,
    "lang": "pt-br",
    "updated": 0
  },
  {
    "id": "ac3f58de-fb07-4aa1-9fd7-1f7f3f188b8a",
    "data": [
      {
        "text": "gostaria sim",
        "userDefined": false
      }
    ],
    "isTemplate": false,
    "count": 0,
    "lang": "pt-br",
    "updated": 0
  },
  {
    "id": "79161d12-7215-4ab1-8e6a-49d434022de5",
    "data": [
      {
        "text": "sim",
        "userDefined": false
      }
    ],
    "isTemplate": false,
    "count": 0,
    "lang": "pt-br",
    "updated": 0
  }
]