[
  {
    "id": "9a4eaa85-48ca-4c2a-9ccc-bd163d214a73",
    "data": [
      {
        "text": "Obrigado, mas não",
        "userDefined": false
      }
    ],
    "isTemplate": false,
    "count": 0,
    "lang": "pt-br",
    "updated": 0
  },
  {
    "id": "c438b112-33d3-42dd-9f45-787687d7f41c",
    "data": [
      {
        "text": "Não",
        "userDefined": false
      }
    ],
    "isTemplate": false,
    "count": 0,
    "lang": "pt-br",
    "updated": 0
  },
  {
    "id": "3fae6931-1216-4265-ac0f-ff66abeafee7",
    "data": [
      {
        "text": "Valeu",
        "userDefined": false
      },
      {
        "text": ", não ",
        "userDefined": false
      },
      {
        "text": "agora",
        "userDefined": false
      }
    ],
    "isTemplate": false,
    "count": 0,
    "lang": "pt-br",
    "updated": 0
  },
  {
    "id": "d9872ee0-5e62-482e-80a7-78bf1e0d3faf",
    "data": [
      {
        "text": "Agora",
        "userDefined": false
      },
      {
        "text": " não",
        "userDefined": false
      }
    ],
    "isTemplate": false,
    "count": 0,
    "lang": "pt-br",
    "updated": 0
  }
]