[
  {
    "value": "sports",
    "synonyms": [
      "sports",
      "esportes",
      "esporte",
      "sport"
    ]
  },
  {
    "value": "science",
    "synonyms": [
      "science",
      "ciência",
      "ciencia"
    ]
  },
  {
    "value": "business",
    "synonyms": [
      "business",
      "economia",
      "economy"
    ]
  },
  {
    "value": "entertainment",
    "synonyms": [
      "entertainment",
      "entretenimento"
    ]
  },
  {
    "value": "health",
    "synonyms": [
      "health",
      "saúde",
      "saude"
    ]
  },
  {
    "value": "technology",
    "synonyms": [
      "tecnologia",
      "technology",
      "tec",
      "tech"
    ]
  }
]