[
  {
    "value": "en",
    "synonyms": [
      "en",
      "ingles",
      "ing",
      "english",
      "Inglês",
      "inglês",
      "English"
    ]
  },
  {
    "value": "pt",
    "synonyms": [
      "pt",
      "portugues",
      "portuguese",
      "português",
      "Português",
      "Portuguese"
    ]
  },
  {
    "value": "it",
    "synonyms": [
      "it",
      "italiano",
      "italian"
    ]
  },
  {
    "value": "es",
    "synonyms": [
      "es",
      "espanhol",
      "spanish",
      "español"
    ]
  },
  {
    "value": "ar",
    "synonyms": [
      "ar",
      "arabe",
      "arab"
    ]
  },
  {
    "value": "ru",
    "synonyms": [
      "ru",
      "russo",
      "russian"
    ]
  }
]