[
  {
    "value": "ar",
    "synonyms": [
      "ar",
      "argentina",
      "argentin",
      "arg",
      "Argentina",
      "Argentin",
      "ARG"
    ]
  },
  {
    "value": "br",
    "synonyms": [
      "br",
      "brasil",
      "Brasil",
      "Brazil",
      "BR"
    ]
  },
  {
    "value": "ca",
    "synonyms": [
      "ca",
      "Canada",
      "canada",
      "can",
      "CAN",
      "CA"
    ]
  },
  {
    "value": "us",
    "synonyms": [
      "us",
      "Estados Unidos",
      "America",
      "United States",
      "EUA"
    ]
  },
  {
    "value": "it",
    "synonyms": [
      "Italia",
      "it",
      "Italy",
      "IT",
      "ITA",
      "ita"
    ]
  },
  {
    "value": "co",
    "synonyms": [
      "co",
      "Colombia",
      "COL",
      "col",
      "colombia"
    ]
  }
]